{
    "loss": 7.560516834259033,
    "accuracy": 0.7450980544090271
}