{
    "loss": 21.363452911376953,
    "accuracy": 0.5686274766921997
}